1stExec, 2ndExec, 3rdExec, 4thExec, 5thExec
2.664176, 2.638415, 2.670198, 2.599591, 2.755030